{
  "puzzles": [
         { "category": "PLACE", "answer": "JIMMY JONS" },
          { "category": "PHRASE", "answer": "HAPPY BIRTHDAY JON" },
    { "category": "CLASSIC PHRASE", "answer": "JON SAVED MY LIFE" },
    { "category": "RELIGIOUS STUFF", "answer": "JONELUJAH" },
     { "category": "POLITICS", "answer": "JONTRARIAN" },
    { "category": "MOVIE QUOTE", "answer": "LOOK THE PROBLEM IS OVER" },
     { "category": "CULINARY", "answer": "JON FOOD" },
     { "category": "HARD WORDS", "answer": "MNEMONIC DEVICE" },
    { "category": "TV SHOW CHARACTER", "answer": "JON SNOW" },
    { "category": "EVENT", "answer": "JONCON" },
    { "category": "HARD WORD", "answer": "LYMPH" },
     { "category": "HARD WORDS", "answer": "THE ANEMONE OF MY ANEMONE IS MY ENEMY" },
{ "category": "MUSIC", "answer": "I MISS THE OLD KANYE" },
  { "category": "REAL ESTATE", "answer": "UNDERWATER LIVING" },
  { "category": "BRAND", "answer": "JON E WORLDWIDE" },
{ "category": "TITLE", "answer": "FRIEND GROUP LEADER" },
    { "category": "CLASSIC PHRASE", "answer": "WHAT WOULD JON DO" },
        { "category": "MUSIC", "answer": "JONYE WEST" },
          { "category": "SONG TITLE", "answer": "FRIDAY NIGHT" },
    { "category": "COMMON PHRASE", "answer": "JON BLESS" },
    { "category": "MOVIE", "answer": "JON WICK" },
    { "category": "MOVIE", "answer": "THE DARK JON RISES" },
    { "category": "PHRASE", "answer": "JON AND ONLY" },
    { "category": "PHRASE", "answer": "JON OF A KIND" },
    { "category": "PHRASE", "answer": "JON FOR THE MONEY" },
  
    { "category": "PHRASE", "answer": "ALL ABOUT JON" },
    { "category": "MOVIE", "answer": "JON OF THE JUNGLE" },
    { "category": "PHRASE", "answer": "JON IN A MILLION" },
    { "category": "PHRASE", "answer": "JON IN A BLUE MOON" },
    { "category": "PHRASE", "answer": "JON FOR THE RIDE" },
    { "category": "PHRASE", "answer": "JON IN A HAYSTACK" },
    { "category": "PHRASE", "answer": "JON OF ALL TRADES" },
    { "category": "PHRASE", "answer": "JON IN SHINING ARMOR" },
    { "category": "PHRASE", "answer": "JON TO THE RESCUE" },
    { "category": "MOVIE", "answer": "EVERYTHING EVERYWHERE JON AT ONCE" },
 { "category": "MOVIE", "answer": "EVERYTHING EVERYWHERE JON WON" },
{ "category": "MOVIE CHARACTER", "answer": "MINCH YODA" },
{ "category": "MOVIE", "answer": "THE DEVIL WEARS JON" },
{ "category": "INTERCOURSE RELATED", "answer": "MORNING GLORY HOLE" },
{ "category": "EMPLOYMENT", "answer": "CHILD LABOR" },
{ "category": "BAD STUFF", "answer": "THE HOLOCAUST" },
{ "category": "PHRASE", "answer": "THE ELEPHANT IN THE ROOM" },
{ "category": "PHRASE", "answer": "CHECKING THE TEMPERATURE" },
{ "category": "FOOD AND DRINK", "answer": "WATERMELON" },
{ "category": "FOOD AND DRINK", "answer": "DURIAN" },
{ "category": "ON THE MAP", "answer": "AVONDALE ARIZONA" },
{ "category": "PHRASE", "answer": "PLATINUM WITH NO FEATURES" },
{ "category": "BOOK TITLE", "answer": "EMAILS FROM AN ASSHOLE" },
{ "category": "BOOK TITLE", "answer": "THE GIVING TREE" },
{ "category": "ON THE MAP", "answer": "MINDEN CITY MICHIGAN" },
{ "category": "HOBBYISTS", "answer": "KNITTERS" }
  ],
    "bonusPuzzles": [
      { "category": "ON THE MAP", "answer": "MINDEN CITY" },
      { "category": "SEX ED", "answer": "TESTICULAR TORSION" },
{ "category": "MOVIE", "answer": "MAY THE JON BE WITH YOU" },
{ "category": "MOVIE", "answer": "INFINITY JONLET" },
    { "category": "PHRASE", "answer": "FORTUNE FAVORS THE JON" }
  ]
}
